image_path,person_id,detector,Nose_x,Nose_y,Nose_score,L_Eye_x,L_Eye_y,L_Eye_score,R_Eye_x,R_Eye_y,R_Eye_score,L_Ear_x,L_Ear_y,L_Ear_score,R_Ear_x,R_Ear_y,R_Ear_score,L_Shoulder_x,L_Shoulder_y,L_Shoulder_score,R_Shoulder_x,R_Shoulder_y,R_Shoulder_score,L_Elbow_x,L_Elbow_y,L_Elbow_score,R_Elbow_x,R_Elbow_y,R_Elbow_score,L_Wrist_x,L_Wrist_y,L_Wrist_score,R_Wrist_x,R_Wrist_y,R_Wrist_score,L_Hip_x,L_Hip_y,L_Hip_score,R_Hip_x,R_Hip_y,R_Hip_score,L_Knee_x,L_Knee_y,L_Knee_score,R_Knee_x,R_Knee_y,R_Knee_score,L_Ankle_x,L_Ankle_y,L_Ankle_score,R_Ankle_x,R_Ankle_y,R_Ankle_score
images/43.png,0,YOLOv8-Pose,244,274,0.9512056112289429,248,267,0.9653323888778687,242,270,0.5049242377281189,267,265,0.9520623683929443,0,0,0.08170277625322342,277,292,0.9919455647468567,261,292,0.959633469581604,243,317,0.9754085540771484,242,313,0.7160754799842834,216,306,0.961833655834198,218,307,0.6737596392631531,253,374,0.9915547966957092,243,365,0.9806689620018005,181,400,0.9934781789779663,180,381,0.9792146682739258,167,481,0.9761562943458557,190,446,0.9545629024505615
images/43.png,0,ViTPose,244,266,0.9004201292991638,247,261,0.9052344560623169,243,261,0.8537791967391968,262,262,0.891406774520874,268,259,0.6729145646095276,282,293,0.8574939966201782,273,287,0.7688856720924377,249,320,0.8672296404838562,242,319,0.5929688215255737,216,303,0.9720503091812134,212,312,0.6693424582481384,253,377,0.7611548900604248,248,368,0.6553025841712952,180,398,0.9895942807197571,195,381,0.712278425693512,165,482,0.8641722798347473,202,444,0.8500656485557556
images/43.png,0,MediaPipe,249,271,0.9999107122421265,254,265,0.9999358654022217,248,265,0.9999285936355591,265,266,0.9999253749847412,253,266,0.9999268054962158,284,291,0.9998823404312134,248,292,0.9994509816169739,252,322,0.9787139296531677,210,323,0.5883730053901672,218,304,0.9257694482803345,202,307,0.7692908048629761,263,388,0.9999464750289917,242,370,0.9997839331626892,187,400,0.9947277903556824,175,375,0.4617469310760498,168,478,0.996009349822998,202,426,0.4203077554702759
